{
  "total_previous_signals": 315,
  "recent_signal_ids": [
    "wf2-2603.03926v1",
    "wf2-2603.03947",
    "wf2-2603.03971",
    "wf2-2603.03992",
    "wf2-2603.04028",
    "wf2-2603.04071v1",
    "wf2-2603.04082",
    "wf2-2603.04097",
    "wf2-2603.04102v1",
    "wf2-2603.04156",
    "wf2-2603.04192",
    "wf2-2603.04206v1",
    "wf2-2603.04239v1",
    "wf2-2603.04259",
    "wf2-2603.04323",
    "wf2-2603.04328",
    "wf2-2603.04355",
    "wf2-2603.04364",
    "wf2-2603.04378",
    "wf2-2603.04383",
    "wf2-2603.04708v1",
    "wf2-2603.04717v1",
    "wf2-2603.04804v1",
    "wf2-2603.04905v1",
    "wf2-2603.04959v1",
    "wf2-2603.04966v1",
    "wf2-2603.04997v1",
    "wf2-2603.05102v1",
    "wf2-2603.05119v1",
    "wf2-2603.05129v1",
    "wf2-2603.05145v1",
    "wf2-2603.05153v1",
    "wf2-2603.05188v1",
    "wf2-2603.05189v1",
    "wf2-2603.05222v1",
    "wf2-2603.05226v1",
    "wf2-2603.05229v1",
    "wf2-2603.05255v1",
    "wf2-2603.05260v1",
    "wf2-2603.05277v1",
    "wf2-2603.05283v1",
    "wf2-2603.05289v1",
    "wf2-2603.05324v1",
    "wf2-2603.05330v1",
    "wf2-2603.05366v1",
    "wf2-2603.05367v1",
    "wf2-2603.05421v1",
    "wf2-2603.05423v1",
    "wf2-2603.05461v1",
    "wf2-2603.05462v1"
  ],
  "recent_signal_titles_hash": 71,
  "database_path": "env-scanning/wf2-arxiv/signals/database.json"
}